{
"type": "itemTurret",
"name": "Carnage",
"description": "Shoots slow, area damage bullets with insane crowd potential",
"health": 770,
"size": 4,
"recoil": 10,
"reload": 80,
"range": 500,
"inaccuracy": 0,
"rotatespeed": 4,
 "targetGround": true,
 "targetAir": false,
 "hasLiquids":true,
 "maxAmmo": 30,
 "hasPower": false,
 "ammoPerShot": 5,
 "shoot":{
        "type": "ShootMulti",
        "source": "ShootAlternate",
        "shootShake":2,
        "dest": [
           {
           "type": "ShootBarrel",
           "shots": 1,
           "shootShake":2,
           "barrels": [
                0, 0, 0,
              ],
            },
          ],
        },
    "ammoTypes": {
        "crimsonium": {
            "type": "ArtilleryBulletType",
            "frontColor": "ebac4b",
            "backColor": "828282",
            "speed": 6,
            "damage": 440,
            "width": 40,
            "height": 60,
            "shootEffect": "shootBig",
            "smokeEffect": "shootBigSmoke",
            "lifetime": 200,
           
 "hitEffect": {
    
"type": "multiEffect",
    "effects": [
      {
        "type": "WaveEffect",
        "lifetime": 100,
        "sizeFrom": 13,
        "sizeTo": 60,
        "strokeFrom": 3.5,
        "strokeTo": 0,
        "colorFrom": "ebac4b",
        "colorTo": "828282"
      },
      {
        "type": "ParticleEffect",
        "particles": 1,
        "sizeFrom": 40,
        "sizeTo": 0,
        "length": 0,
        "lightColor": "828282",
        "lifetime": 70,
        "layer": 109,
        "colorFrom": "ebac4b",
        "colorTo": "828282"
      },
      {
        "type": "ParticleEffect",
        "particles": 1,
        "sizeFrom": 30,
        "sizeTo": 0,
        "length": 0,
        "lightColor": "828282",
        "lifetime": 30,
        "layer": 109,
        "colorFrom": "FFFFFFF",
        "colorTo": "FFFFFFF"
      }
    ]
  },

            "splashDamage": 440,
            "splashDamageRadius": 30,
            "buildingDamageMultiplier": 1.2,
            
            "trailLength": 30.5,
            "trailWidth": 10.5,
            "trailColor": "828282",
            "ammoMultiplier": 1
          }
      },
"category": "turret" ,
"shootSound": "shotgun",
"research": "massacre",
"requirements": [
 { "item": "crimsonium", "amount": 360},
 { "item": "titanium", "amount": 200},
 { "item": "copper", "amount": 430},
  { "item": "thorium", "amount": 380},
  { "item": "silicon", "amount": 450},
  { "item": "surge-alloy", "amount": 280},

],
"liquidCapacity":30,
    "consumes":{
		"coolant":{"liquid": "water", "amount":0.4,"optional":true},
	},
    "coolantMultiplier": 1

}
