{
 "name": "Silicon-Oxidizer",
"type": "GenericCrafter",
  "health": 200,
  "size": 3,
  "description": "Oxidizes silicon and lead, melting the results together to create crimsonium"
  "hasItems": true,
  "craftTime": 120,
  "craftEffect": {
    "type": "multiEffect",
    "effects": [
      {
        "type": "WaveEffect",
        "lifetime": 40,
        "sizeFrom": 0,
        "sizeTo": 13,
        "strokeFrom": 3.5,
        "strokeTo": 0,
        "colorFrom": "f5b75b",
        "colorTo": "ffa012"
      },
      {
        "type": "ParticleEffect",
        "particles": 1,
        "sizeFrom": 15,
        "sizeTo": 0,
        "length": 0,
        "lightColor": "fac811",
        "lifetime": 30,
        "layer": 109,
        "colorFrom": "e89a25",
        "colorTo": "c28121"
      },
      {
        "type": "ParticleEffect",
        "particles": 1,
        "sizeFrom": 5,
        "sizeTo": 0,
        "length": 0,
        "lightColor": "fac457",
        "lifetime": 30,
        "layer": 109,
        "colorFrom": "FFFFFFF",
        "colorTo": "FFFFFFF"
      }
    ]
  },
  "drawer": {
    "type": "DrawMulti",
    "drawers": [
      {
        "type": "DrawDefault"
      },
      {
        "type": "DrawFlame",
        "flameColor": "fca903"
      }
    ]
  },
  "hasPower": true,
  "hasLiquids": false,
  "updateEffect": "none",
  "ambientSound": "respawning",
  "ambientSoundVolume": 0.5,
  "consumes": {
  "power": 3,
  "items": {
    "items": [
      "silicon/4",
      "lead/4"
    ]
   }
  },
  "requirements": [
    "lead/40",
 "silicon/70",
    "copper/50"
  ],
  "category": "crafting",
  "research": "silicon-smelter",
  "outputItem": "crimsonium/4"
}