{
  "type": "PowerTurret",
  "description": "Fires quick lasers that can easilly slice enemies into dust"
  "size": 3,
  "name": "Flamer"
  "health": 640,
  "range": 200,
  "reload": 15,
  "shootSound": "laser",
  "rotateSpeed": 4,
  "shootShake": 1.5,
  "cooldown": 0.03,
  "alternate": true,
  "shoot": {
    "type": "ShootAlternate",
    "spread": 11,
    "shots": 1
  },
  "targetAir": true,
  "targetGround": true,
  "recoilAmount": 4,
  "consumes": {
    "power": 8
  },
  "shootType": {
    "type": "LaserBulletType",
    "colors": [
      "f4851f",
      "ce7339",
      "FFFFFF"
    ],
    "length": 200,
    "width": 12.5,
    "damage": 100,
    "hitEffect": "hitMeltHeal",
    "lightColor": "f4851f",
    "shootEffect": "hitLaser",
    "smokeEffect": "none",
    "sideAngle": 0,
    "sideWidth": 0,
    "sideLength": 0
  },
"requirements": [
 { "item": "crimsonium", "amount": 270},
 { "item": "copper", "amount":380},
 { "item": "lead", "amount": 350},
 { "item": "ignizium", "amount": 240},
],
  "category": "turret",
  "research": "blaze"
}