{
 "name": "Incendiarism"
 "description": "A high-spread shotgun with high damage (im running out of ideas)"
  "type": "ItemTurret",
  "researchCostMultiplier": 0.9,
  "squareSprite": false,
  "outlineColor": "36363CFF",
  "size": 4,
  "health": 900,
  "reload": 70,
  "range": 240,
  "velocityRnd": 0.25,
  "shoot": {
    "type": "shootSpread",
    "shots": 18,
    "spread": 4
  },

  "drawer": {
    "type": "drawTurret",
    "parts": [
      {
        "type": "RegionPart",
        "suffix": "-side",
        "moveY": -2,
        "moveRot": -19,
        "mirror": true,
        "progress": "recoil"
      }
    ]
  },
  "shootCone": 20,
  "recoil": 3,
  "rotateSpeed": 2,
  "shootSound": "shotgun",
 "consumes": {
    "power": 16
  },
  "ammoTypes": {
    "ignizium": {
      "type": "basicBulletType",
      "status": "burning",
      "lifetime": 25,
      "speed": 9,
      "damage": 120,
      "height": 20,
      "width": 25,
      "trailColor": "db8132",
      "trailLength": 6,
      "trailWidth": 5,
"splashDamage": 120,
            "splashDamageRadius": 25,
            "buildingDamageMultiplier": 0.6,

      "despawnHit": true,
      "hitEffect": {
        "type": "multiEffect",
        "effects": [
          {
            "type": "ParticleEffect",
            "line": true,
            "particles": 10,
            "lifetime": 45,
            "interp": "circleOut",
            "length": 75,
            "cone": -40,
            "strokeTo": 0,
            "lightColor": "e0432b",
            "lenFrom": 8,
            "lenTo": 0,
            "strokeFrom": 2,
            "colorFrom": "e0432b",
            "colorTo": "ff8214"
          },
          {
            "type": "ExplosionEffect",
            "waveColor": "ff8214",
            "sparkColor": "ff8214",
            "smokes": 4,
            "smokeSize": 4.7,
            "smokeSizeBase": 1.6,
            "smokeRad": 36,
            "waveLife": 10,
            "waveStroke": 4.1,
            "waveRad": 25,
            "waveRadBase": 2.0,
            "sparkLen": 7,
            "sparks": 12

          }
        ]
      },
      "frontColor": "ffffffff",
      "backColor": "ff8214"
    },
    "titanium": {
      "type": "basicBulletType",
      "status": "freezing",
      "lifetime": 25,
      "speed": 9,
      "damage": 50,
      "trailColor": "32cedb",
      "trailLength": 6,
      "trailWidth": 5,
"splashDamage": 50,
            "splashDamageRadius": 25,
            "buildingDamageMultiplier": 0.8,

      "height": 20,
      "width": 25,
      "hitEffect": {
        "type": "multiEffect",
        "effects": [
          {
            "type": "ParticleEffect",
            "line": true,
            "particles": 10,
            "lifetime": 45,
            "interp": "circleOut",
            "length": 75,
            "cone": -40,
            "strokeTo": 0,
            "lightColor": "32cedb",
            "lenFrom": 8,
            "lenTo": 0,
            "strokeFrom": 2,
            "colorFrom": "32cedb",
            "colorTo": "32cedb"
          },
          {
            "type": "ExplosionEffect",
            "waveColor": "32cedb",
            "sparkColor": "32cedb",
            "smokes": 4,
            "smokeSize": 4.7,
            "smokeSizeBase": 1.6,
            "smokeRad": 36,
            "waveLife": 10,
            "waveStroke": 4.1,
            "waveRad": 25,
            "waveRadBase": 2.0,
            "sparkLen": 7,
            "sparks": 12
          }
        ]
      },
      "frontColor": "ffffffff",
      "backColor": "32cedb"
    }
  },
"requirements": [
 { "item": "crimsonium", "amount": 470},
 { "item": "silicon", "amount": 460},
 { "item": "thorium", "amount": 360},
 { "item": "copper", "amount": 1000},
 { "item": "lead", "amount": 900},
 { "item": "ignizium", "amount": 500},
  { "item": "surge-alloy", "amount": 380}
],
  "envRequired": 0,
  "enDisabled": 4,
  "category": "turret",
  "research": "flamer"
}