{
"type": "itemTurret",
"name": "Massacre",
"description": "Shoots fast bullets, yeah",
"health": 325,
"size": 3,
"recoil": 3,
"reload": 15,
"range": 250,
"inaccuracy": 3,
"rotatespeed": 10,
 "targetGround": true,
 "targetAir": false,
 "hasLiquids":true,
 "maxAmmo": 35,
 "hasPower": false,
 "ammoPerShot": 1,
 "shoot":{
        "type": "ShootMulti",
        "source": "ShootAlternate",
        "shootShake":2,
        "dest": [
           {
           "type": "ShootBarrel",
           "shots": 1,
           "shootShake":2,
           "barrels": [
                0, 0, 0,
              ],
            },
          ],
        },
    "ammoTypes": {
        "crimsonium": {
            "type": "ArtilleryBulletType",
            "frontColor": "ebac4b",
            "backColor": "828282",
            "speed": 6,
            "damage": 55,
            "width": 20,
            "height": 35,
            "shootEffect": "shootBig",
            "smokeEffect": "shootBigSmoke",
            "lifetime": 200,
            "hitEffect": "explosion",
            "splashDamage": 55,
            "splashDamageRadius": 20,
            "buildingDamageMultiplier": 1.2,
            
            "trailLength": 15.5,
            "trailWidth": 5.5,
            "trailColor": "828282",
            "ammoMultiplier": 1
          },
 "graphite": {
               "type": "ArtilleryBulletType",
            "frontColor": "ebac4b",
            "backColor": "828282",
            "speed": 6,
            "damage": 35,
            "width": 20,
            "height": 35,
            "shootEffect": "shootBig",
            "smokeEffect": "shootBigSmoke",
            "lifetime": 200,
            "hitEffect": "explosion",
            "splashDamage": 35,
            "splashDamageRadius": 15,
            "buildingDamageMultiplier": 1.2,
            
            "trailLength": 15.5,
            "trailWidth": 5.5,
            "trailColor": "828282",
            "ammoMultiplier": 1

          },
"lead": {
               "type": "ArtilleryBulletType",
            "frontColor": "ebac4b",
            "backColor": "828282",
            "speed": 6,
            "damage": 15,
            "width": 20,
            "height": 35,
            "shootEffect": "shootBig",
            "smokeEffect": "shootBigSmoke",
            "lifetime": 200,
            "hitEffect": "explosion",
            "splashDamage": 15,
            "splashDamageRadius": 10,
            "buildingDamageMultiplier": 1.2,
            
            "trailLength": 15.5,
            "trailWidth": 5.5,
            "trailColor": "828282",
            "ammoMultiplier": 1

          }

      },

"category": "turret" ,
"shootSound": "shoot",
"research": "violence",
"requirements": [
 { "item": "crimsonium", "amount": 160},
 { "item": "titanium", "amount": 180},
 { "item": "copper", "amount": 170},
 { "item": "lead", "amount": 40},
 { "item": "silicon", "amount": 140},
],
"liquidCapacity":30,
    "consumes":{
		"coolant":{"liquid": "water", "amount":0.4,"optional":true},
	},
    "coolantMultiplier": 1

}
