{
 "name": "Crimsonium forge",
"type": "GenericCrafter",
  "health": 200,
  "size": 2,
  "description": "Melts crimsonium and scrap with eachother, creating scoriazon"
  "hasItems": true,
 "hasLiquids": true,
 "LiquidCapacity": 80,
  "craftTime": 120,
  "craftEffect": {
    "type": "multiEffect",
    "effects": [
      {
        "type": "WaveEffect",
        "lifetime": 40,
        "sizeFrom": 0,
        "sizeTo": 13,
        "strokeFrom": 3.5,
        "strokeTo": 0,
        "colorFrom": "db9b8c",
        "colorTo": "85311e"
      },
      {
        "type": "ParticleEffect",
        "particles": 1,
        "sizeFrom": 15,
        "sizeTo": 0,
        "length": 0,
        "lightColor": "c72906",
        "lifetime": 30,
        "layer": 109,
        "colorFrom": "d6684f",
        "colorTo": "5e2c21"
      },
      {
        "type": "ParticleEffect",
        "particles": 1,
        "sizeFrom": 5,
        "sizeTo": 0,
        "length": 0,
        "lightColor": "c72906",
        "lifetime": 30,
        "layer": 109,
        "colorFrom": "FFFFFFF",
        "colorTo": "FFFFFFF"
      }
    ]
  },
  "drawer": {
    "type": "DrawMulti",
    "drawers": [
      {
        "type": "DrawDefault"
      },
      {
        "type": "DrawFlame",
        "flameColor": "fca903"
      }
    ]
  },
  "hasPower": true,
  "updateEffect": "none",
  "ambientSound": "respawning",
  "ambientSoundVolume": 0.5,
  "consumes": {
  "power": 3,
  "items": {
    "items": [
      "crimsonium/2",
      "scrap/2",
    ]
   }
  },
  "requirements": [
    "crimsonium/40",
 "copper/70",
    "silicon/25"
  ],
  "category": "crafting",
  "research": "crimsonium-smelter",
  "outputLiquid": "scoriazon/0.1"
}